user_id,name,email
alice001,Alice Johnson,mailto:alice.johnson@example.com
bob001,Bob Smith,mailto:bob.smith@example.com
9b218e18-ff0e-43e3-a0d8-582014e4cd5a,Gihan,gihan@gmail.com
8ee758ae-a565-4ff2-be77-88adb04ef49a,Hevin,hevin@gmail.com
bccb1f60-3ffc-4c8d-a95e-fe46c6a5ca29,dhevin,dhevin@gmail.com
7ff0351d-1cf6-4ecf-83cb-ea1d5d29b061,hevin,hevin@gmail.com
e301f9ae-52cc-498b-b2f0-0b2a5a0ff4c1,sahan,sahan@gmail.com
1b2bd291-cd49-4ead-9a69-5889b08cdb0d,kasun,kasun@gmail.com
755b27e7-432a-48b5-b4a1-8ffe41959ed6,kamal,kamal@gmail.com
30b3e093-3559-44da-b264-fa9a01fa22e7,saman,saman@gmail.com
ef6a311c-e2dd-48be-91ee-13f6b77208e3,karshana,karshana@gmail.com
